{
  "H": 116,
  "W": 152,
  "T": 1000,
  "patch_sizes": [
    32,
    64
  ],
  "use_coords": true,
  "norm": {
    "mean": 730.9653930664062,
    "std": 163.59768676757812
  },
  "best_val": 0.033523689955472946,
  "device": "cuda:0",
  "amp": true
}