{
  "train_mse": [
    1.167218565940857,
    0.7824636697769165,
    0.5448552370071411,
    0.358850359916687,
    0.22091683000326157,
    0.14601831138134003,
    0.12055853381752968,
    0.10897358134388924,
    0.10058270022273064,
    0.09036633372306824,
    0.08751435577869415,
    0.08101381361484528,
    0.07987196743488312,
    0.07527148723602295,
    0.07181471586227417,
    0.106057308614254,
    0.09561541924873988,
    0.08921005328496297,
    0.08275113254785538,
    0.08063336213429768,
    0.07589544355869293,
    0.07021116713682811
  ],
  "val_mse": [
    0.9022846817970276,
    0.7163540720939636,
    0.5641293525695801,
    0.551081120967865,
    0.5013158917427063,
    0.416765034198761,
    0.331745982170105,
    0.3528253734111786,
    0.2594408094882965,
    0.24217067658901215,
    0.30097174644470215,
    0.29659122228622437,
    0.2836267948150635,
    0.4197040796279907,
    0.3094128668308258,
    0.26489219069480896,
    0.2563614547252655,
    0.2942390441894531,
    0.23416763544082642,
    0.16182567179203033,
    0.261218786239624,
    0.20524829626083374
  ]
}